CRÉDITO;80 Meses;72 Meses;60 Meses;50 Meses;36 Meses;25 Meses;
100000,00;1042,50;1146,67;1355,00;1605,00;2188,33;3105,00;
90000,00;938,25;1032,00;1219,50;1444,50;1969,50;2794,50;
80000,00;834,00;917,33;1084,00;1284,00;1750,67;2484,00;
75000,00;781,88;860,00;1016,25;1203,75;1641,25;2328,75;
70000,00;729,75;802,67;948,50;1123,50;1531,83;2173,50;
65000,00;677,63;745,33;880,75;1043,25;1422,42;2018,25;
60000,00;625,50;688,00;813,00;963,00;1313,00;1863,00;
55000,00;573,38;630,67;745,25;882,75;1203,58;1707,75;
50000,00;521,25;573,33;677,50;802,50;1094,17;1552,50;
45000,00;469,13;516,00;609,75;722,25;984,75;1397,25;
40000,00;417,00;458,67;542,00;642,00;875,33;1242,00;
35000,00;364,88;401,33;474,25;561,75;765,92;1086,75;
30000,00;312,75;344,00;406,50;481,50;656,50;931,50;
27500,00;286,69;315,33;372,63;441,38;601,79;853,88;
25000,00;260,63;286,67;338,75;401,25;547,08;776,25;
22500,00;234,56;258,00;304,88;361,13;492,38;698,63;
20000,00;208,50;229,33;271,00;321,00;437,67;621,00;
19000,00;198,08;217,87;257,45;304,95;415,78;589,95;
18000,00;187,65;206,40;243,90;288,90;393,90;558,90;
17000,00;177,23;194,93;230,35;272,85;372,02;527,85;
16000,00;166,80;183,47;216,80;256,80;350,13;496,80;
;;;;;;;
;;;;;;;
;;;;;;;
;;;;;;;
;;;;;;;
;;;;;;;
;;;;;;;
;;;;;;;
;;;;;;;
;;;;;;;
;;;;;;;
;;;;;;;
;;;;;;;
;;;;;;;
;;;;;;;
;;;;;;;
;;;;;;;
;;;;;;;
;;;;;;;
;;;;;;;
;S/ S.V.;-;-;-;-;-;-
